INSERT INTO oneday(symbol, smacrossover, version)
VALUES('MANAUSDT', 'NONE', 0);
INSERT INTO onehour(symbol, smacrossover, version)
VALUES('MANAUSDT', 'NONE', 0);
INSERT INTO fourhour(symbol, smacrossover, version)
VALUES('MANAUSDT', 'NONE', 0);

INSERT INTO oneday(symbol, smacrossover, version)
VALUES('BATUSDT', 'NONE', 0);
INSERT INTO onehour(symbol, smacrossover, version)
VALUES('BATUSDT', 'NONE', 0);
INSERT INTO fourhour(symbol, smacrossover, version)
VALUES('BATUSDT', 'NONE', 0);

INSERT INTO oneday(symbol, smacrossover, version)
VALUES('CHZUSDT', 'NONE', 0);
INSERT INTO onehour(symbol, smacrossover, version)
VALUES('CHZUSDT', 'NONE', 0);
INSERT INTO fourhour(symbol, smacrossover, version)
VALUES('CHZUSDT', 'NONE', 0);

INSERT INTO oneday(symbol, smacrossover, version)
VALUES('COMPUSDT', 'NONE', 0);
INSERT INTO onehour(symbol, smacrossover, version)
VALUES('COMPUSDT', 'NONE', 0);
INSERT INTO fourhour(symbol, smacrossover, version)
VALUES('COMPUSDT', 'NONE', 0);

INSERT INTO oneday(symbol, smacrossover, version)
VALUES('SANDUSDT', 'NONE', 0);
INSERT INTO onehour(symbol, smacrossover, version)
VALUES('SANDUSDT', 'NONE', 0);
INSERT INTO fourhour(symbol, smacrossover, version)
VALUES('SANDUSDT', 'NONE', 0);

INSERT INTO oneday(symbol, smacrossover, version)
VALUES('ADAUSDT', 'NONE', 0);
INSERT INTO onehour(symbol, smacrossover, version)
VALUES('ADAUSDT', 'NONE', 0);
INSERT INTO fourhour(symbol, smacrossover, version)
VALUES('ADAUSDT', 'NONE', 0);

INSERT INTO oneday(symbol, smacrossover, version)
VALUES('XLMUSDT', 'NONE', 0);
INSERT INTO onehour(symbol, smacrossover, version)
VALUES('XLMUSDT', 'NONE', 0);
INSERT INTO fourhour(symbol, smacrossover, version)
VALUES('XLMUSDT', 'NONE', 0);

INSERT INTO oneday(symbol, smacrossover, version)
VALUES('AUDIOUSDT', 'NONE', 0);
INSERT INTO onehour(symbol, smacrossover, version)
VALUES('AUDIOUSDT', 'NONE', 0);
INSERT INTO fourhour(symbol, smacrossover, version)
VALUES('AUDIOUSDT', 'NONE', 0);

INSERT INTO oneday(symbol, smacrossover, version)
VALUES('ZRXUSDT', 'NONE', 0);
INSERT INTO onehour(symbol, smacrossover, version)
VALUES('ZRXUSDT', 'NONE', 0);
INSERT INTO fourhour(symbol, smacrossover, version)
VALUES('ZRXUSDT', 'NONE', 0);

INSERT INTO oneday(symbol, smacrossover, version)
VALUES('XRPUSDT', 'NONE', 0);
INSERT INTO onehour(symbol, smacrossover, version)
VALUES('XRPUSDT', 'NONE', 0);
INSERT INTO fourhour(symbol, smacrossover, version)
VALUES('XRPUSDT', 'NONE', 0);

INSERT INTO oneday(symbol, smacrossover, version)
VALUES('AVAXUSDT', 'NONE', 0);
INSERT INTO onehour(symbol, smacrossover, version)
VALUES('AVAXUSDT', 'NONE', 0);
INSERT INTO fourhour(symbol, smacrossover, version)
VALUES('AVAXUSDT', 'NONE', 0);

INSERT INTO oneday(symbol, smacrossover, version)
VALUES('LINKUSDT', 'NONE', 0);
INSERT INTO onehour(symbol, smacrossover, version)
VALUES('LINKUSDT', 'NONE', 0);
INSERT INTO fourhour(symbol, smacrossover, version)
VALUES('LINKUSDT', 'NONE', 0);

INSERT INTO oneday(symbol, smacrossover, version)
VALUES('LTCUSDT', 'NONE', 0);
INSERT INTO onehour(symbol, smacrossover, version)
VALUES('LTCUSDT', 'NONE', 0);
INSERT INTO fourhour(symbol, smacrossover, version)
VALUES('LTCUSDT', 'NONE', 0);

INSERT INTO oneday(symbol, smacrossover, version)
VALUES('AAVEUSDT', 'NONE', 0);
INSERT INTO onehour(symbol, smacrossover, version)
VALUES('AAVEUSDT', 'NONE', 0);
INSERT INTO fourhour(symbol, smacrossover, version)
VALUES('AAVEUSDT', 'NONE', 0);

INSERT INTO oneday(symbol, smacrossover, version)
VALUES('SLPUSDT', 'NONE', 0);
INSERT INTO onehour(symbol, smacrossover, version)
VALUES('SLPUSDT', 'NONE', 0);
INSERT INTO fourhour(symbol, smacrossover, version)
VALUES('SLPUSDT', 'NONE', 0);

INSERT INTO oneday(symbol, smacrossover, version)
VALUES('DOTUSDT', 'NONE', 0);
INSERT INTO onehour(symbol, smacrossover, version)
VALUES('DOTUSDT', 'NONE', 0);
INSERT INTO fourhour(symbol, smacrossover, version)
VALUES('DOTUSDT', 'NONE', 0);

INSERT INTO oneday(symbol, smacrossover, version)
VALUES('MKRUSDT', 'NONE', 0);
INSERT INTO onehour(symbol, smacrossover, version)
VALUES('MKRUSDT', 'NONE', 0);
INSERT INTO fourhour(symbol, smacrossover, version)
VALUES('MKRUSDT', 'NONE', 0);

INSERT INTO oneday(symbol, smacrossover, version)
VALUES('AXSUSDT', 'NONE', 0);
INSERT INTO onehour(symbol, smacrossover, version)
VALUES('AXSUSDT', 'NONE', 0);
INSERT INTO fourhour(symbol, smacrossover, version)
VALUES('AXSUSDT', 'NONE', 0);

INSERT INTO oneday(symbol, smacrossover, version)
VALUES('FETUSDT', 'NONE', 0);
INSERT INTO onehour(symbol, smacrossover, version)
VALUES('FETUSDT', 'NONE', 0);
INSERT INTO fourhour(symbol, smacrossover, version)
VALUES('FETUSDT', 'NONE', 0);

INSERT INTO oneday(symbol, smacrossover, version)
VALUES('BCHUSDT', 'NONE', 0);
INSERT INTO onehour(symbol, smacrossover, version)
VALUES('BCHUSDT', 'NONE', 0);
INSERT INTO fourhour(symbol, smacrossover, version)
VALUES('BCHUSDT', 'NONE', 0);

INSERT INTO oneday(symbol, smacrossover, version)
VALUES('GRTUSDT', 'NONE', 0);
INSERT INTO onehour(symbol, smacrossover, version)
VALUES('GRTUSDT', 'NONE', 0);
INSERT INTO fourhour(symbol, smacrossover, version)
VALUES('GRTUSDT', 'NONE', 0);

INSERT INTO oneday(symbol, smacrossover, version)
VALUES('SKLUSDT', 'NONE', 0);
INSERT INTO onehour(symbol, smacrossover, version)
VALUES('SKLUSDT', 'NONE', 0);
INSERT INTO fourhour(symbol, smacrossover, version)
VALUES('SKLUSDT', 'NONE', 0);

INSERT INTO oneday(symbol, smacrossover, version)
VALUES('FTMUSDT', 'NONE', 0);
INSERT INTO onehour(symbol, smacrossover, version)
VALUES('FTMUSDT', 'NONE', 0);
INSERT INTO fourhour(symbol, smacrossover, version)
VALUES('FTMUSDT', 'NONE', 0);

INSERT INTO oneday(symbol, smacrossover, version)
VALUES('HBARUSDT', 'NONE', 0);
INSERT INTO onehour(symbol, smacrossover, version)
VALUES('HBARUSDT', 'NONE', 0);
INSERT INTO fourhour(symbol, smacrossover, version)
VALUES('HBARUSDT', 'NONE', 0);

INSERT INTO oneday(symbol, smacrossover, version)
VALUES('MATICUSDT', 'NONE', 0);
INSERT INTO onehour(symbol, smacrossover, version)
VALUES('MATICUSDT', 'NONE', 0);
INSERT INTO fourhour(symbol, smacrossover, version)
VALUES('MATICUSDT', 'NONE', 0);

INSERT INTO oneday(symbol, smacrossover, version)
VALUES('SOLUSDT', 'NONE', 0);
INSERT INTO onehour(symbol, smacrossover, version)
VALUES('SOLUSDT', 'NONE', 0);
INSERT INTO fourhour(symbol, smacrossover, version)
VALUES('SOLUSDT', 'NONE', 0);

INSERT INTO oneday(symbol, smacrossover, version)
VALUES('BTCUSDT', 'NONE', 0);
INSERT INTO onehour(symbol, smacrossover, version)
VALUES('BTCUSDT', 'NONE', 0);
INSERT INTO fourhour(symbol, smacrossover, version)
VALUES('BTCUSDT', 'NONE', 0);
